Q_text,Q_Braille_Symbol,Q_answer,Q_A1,Q_A2,Q_A3,Q_A4,Q_difficulty,Q_ID,Q_stage
What letter does this Braille pattern represent: '⠛'?,⠛,G,G,S,L,H,1,1,1
What letter does this Braille pattern represent: '⠧'?,⠧,V,W,X,Q,V,1,2,1
What letter does this Braille pattern represent: '⠋'?,⠋,F,E,C,R,F,1,3,1
What letter does this Braille pattern represent: '⠚'?,⠚,J,I,N,J,K,1,4,1
What letter does this Braille pattern represent: '⠟'?,⠟,Q,Q,E,C,U,1,5,1
What number does this Braille pattern represent: '⠼⠋'?,⠼⠋,6,4,7,6,1,2,6,1
What special character does this Braille pattern represent: '⠒'?,⠒,:,-,"""",:,(,2,7,1
What number does this Braille pattern represent: '⠼⠊'?,⠼⠊,9,5,8,9,2,2,8,1
What combination does this Braille pattern represent: '⠗⠤'?,⠗⠤,R-,:Y,2,-!,R-,3,9,1
What letter does this Braille pattern represent: '⠥'?,⠥,U,D,U,A,P,1,10,2
What letter does this Braille pattern represent: '⠥'?,⠥,U,U,F,G,W,1,11,2
What letter does this Braille pattern represent: '⠚'?,⠚,J,B,J,C,D,1,12,2
What letter does this Braille pattern represent: '⠅'?,⠅,K,H,X,K,L,1,13,2
What letter does this Braille pattern represent: '⠍'?,⠍,M,X,R,Z,M,1,14,2
What number does this Braille pattern represent: '⠼⠋'?,⠼⠋,6,4,3,6,5,2,15,2
What special character does this Braille pattern represent: '⠖'?,⠖,!,',:,.,!,2,16,2
What number does this Braille pattern represent: '⠼⠉'?,⠼⠉,3,1,4,3,6,2,17,2
What combination does this Braille pattern represent: '⠖ '?,⠖ ,! ,! ,:B,_B,;R,3,18,2
What letter does this Braille pattern represent: '⠗'?,⠗,R,F,Z,R,D,1,19,3
What letter does this Braille pattern represent: '⠍'?,⠍,M,E,M,L,B,1,20,3
What letter does this Braille pattern represent: '⠁'?,⠁,A,S,C,X,A,1,21,3
What letter does this Braille pattern represent: '⠭'?,⠭,X,W,X,I,S,1,22,3
What letter does this Braille pattern represent: '⠇'?,⠇,L,R,L,H,G,1,23,3
What number does this Braille pattern represent: '⠼⠑'?,⠼⠑,5,5,3,1,8,2,24,3
What special character does this Braille pattern represent: '⠒'?,⠒,:,:,_,(,",",2,25,3
What number does this Braille pattern represent: '⠼⠑'?,⠼⠑,5,7,2,5,4,2,26,3
What combination does this Braille pattern represent: '⠙⠺'?,⠙⠺,DW,WU,DW,XV,69,3,27,3
What letter does this Braille pattern represent: '⠭'?,⠭,X,X,G,Y,J,1,28,4
What letter does this Braille pattern represent: '⠛'?,⠛,G,X,G,D,U,1,29,4
What letter does this Braille pattern represent: '⠑'?,⠑,E,A,E,Z,K,1,30,4
What letter does this Braille pattern represent: '⠊'?,⠊,I,E,I,T,D,1,31,4
What letter does this Braille pattern represent: '⠧'?,⠧,V,R,V,Q,L,1,32,4
What number does this Braille pattern represent: '⠼⠋'?,⠼⠋,6,8,7,6,5,2,33,4
What special character does this Braille pattern represent: '⠲'?,⠲,.,.,"""",-,_,2,34,4
What number does this Braille pattern represent: '⠼⠉'?,⠼⠉,3,3,0,6,8,2,35,4
What combination does this Braille pattern represent: '⠽⠼⠑'?,⠽⠼⠑,Y5,OS,Y5,LX,EA,3,36,4
What letter does this Braille pattern represent: '⠝'?,⠝,N,F,G,N,C,1,37,5
What letter does this Braille pattern represent: '⠍'?,⠍,M,J,O,U,M,1,38,5
What letter does this Braille pattern represent: '⠍'?,⠍,M,D,G,N,M,1,39,5
What letter does this Braille pattern represent: '⠏'?,⠏,P,U,O,P,B,1,40,5
What letter does this Braille pattern represent: '⠏'?,⠏,P,W,F,P,O,1,41,5
What number does this Braille pattern represent: '⠼⠊'?,⠼⠊,9,9,6,5,2,2,42,5
What special character does this Braille pattern represent: '⠦'?,⠦,?,",",(,-,?,2,43,5
What number does this Braille pattern represent: '⠼⠙'?,⠼⠙,4,1,6,2,4,2,44,5
What combination does this Braille pattern represent: '⠚⠼⠑'?,⠚⠼⠑,J5,0V,PD,J5,I(,3,45,5
What letter does this Braille pattern represent: '⠇'?,⠇,L,L,E,T,N,1,46,6
What letter does this Braille pattern represent: '⠵'?,⠵,Z,Z,J,F,G,1,47,6
What letter does this Braille pattern represent: '⠙'?,⠙,D,C,B,W,D,1,48,6
What letter does this Braille pattern represent: '⠉'?,⠉,C,M,T,B,C,1,49,6
What letter does this Braille pattern represent: '⠚'?,⠚,J,J,G,M,Y,1,50,6
What number does this Braille pattern represent: '⠼⠁'?,⠼⠁,1,4,3,1,7,2,51,6
What special character does this Braille pattern represent: '⠒'?,⠒,:,;,.,:,_,2,52,6
What number does this Braille pattern represent: '⠼⠓'?,⠼⠓,8,1,8,7,9,2,53,6
What combination does this Braille pattern represent: '⠭⠅'?,⠭⠅,XK,Y-,HO,_-,XK,3,54,6
What letter does this Braille pattern represent: '⠺'?,⠺,W,W,C,O,T,1,55,7
What letter does this Braille pattern represent: '⠋'?,⠋,F,G,F,H,V,1,56,7
What letter does this Braille pattern represent: '⠓'?,⠓,H,H,U,D,Z,1,57,7
What letter does this Braille pattern represent: '⠺'?,⠺,W,C,W,H,D,1,58,7
What letter does this Braille pattern represent: '⠥'?,⠥,U,I,S,U,J,1,59,7
What number does this Braille pattern represent: '⠼⠑'?,⠼⠑,5,2,5,1,8,2,60,7
What special character does this Braille pattern represent: '⠲'?,⠲,.,"""",-,",",.,2,61,7
What number does this Braille pattern represent: '⠼⠓'?,⠼⠓,8,8,2,0,3,2,62,7
What combination does this Braille pattern represent: '⠛⠼⠃'?,⠛⠼⠃,G2,"3,","G""",",;",G2,3,63,7
What letter does this Braille pattern represent: '⠇'?,⠇,L,J,T,W,L,1,64,8
What letter does this Braille pattern represent: '⠎'?,⠎,S,Q,C,M,S,1,65,8
What letter does this Braille pattern represent: '⠵'?,⠵,Z,G,R,Z,F,1,66,8
What letter does this Braille pattern represent: '⠺'?,⠺,W,L,Z,E,W,1,67,8
What letter does this Braille pattern represent: '⠍'?,⠍,M,S,B,M,D,1,68,8
What number does this Braille pattern represent: '⠼⠓'?,⠼⠓,8,1,6,9,8,2,69,8
What special character does this Braille pattern represent: '⠒'?,⠒,:,_,!,;,:,2,70,8
What number does this Braille pattern represent: '⠼⠙'?,⠼⠙,4,6,5,8,4,2,71,8
What combination does this Braille pattern represent: '⠕⠊'?,⠕⠊,OI,_W,JR,OI,JV,3,72,8
What letter does this Braille pattern represent: '⠟'?,⠟,Q,F,X,Q,M,1,73,9
What letter does this Braille pattern represent: '⠓'?,⠓,H,H,I,Z,U,1,74,9
What letter does this Braille pattern represent: '⠏'?,⠏,P,X,Q,P,U,1,75,9
What letter does this Braille pattern represent: '⠭'?,⠭,X,D,X,A,F,1,76,9
What letter does this Braille pattern represent: '⠟'?,⠟,Q,P,O,F,Q,1,77,9
What number does this Braille pattern represent: '⠼⠓'?,⠼⠓,8,1,8,5,7,2,78,9
What special character does this Braille pattern represent: '⠐⠜'?,⠐⠜,),),(,?,',2,79,9
What number does this Braille pattern represent: '⠼⠉'?,⠼⠉,3,9,1,0,3,2,80,9
What combination does this Braille pattern represent: '⠐⠜⠐⠣'?,⠐⠜⠐⠣,)(,9A,-C,IM,)(,3,81,9
What letter does this Braille pattern represent: '⠑'?,⠑,E,W,E,R,Z,1,82,10
What letter does this Braille pattern represent: '⠥'?,⠥,U,G,F,V,U,1,83,10
What letter does this Braille pattern represent: '⠥'?,⠥,U,J,Z,U,M,1,84,10
What letter does this Braille pattern represent: '⠉'?,⠉,C,S,C,J,U,1,85,10
What letter does this Braille pattern represent: '⠎'?,⠎,S,E,I,S,U,1,86,10
What number does this Braille pattern represent: '⠼⠊'?,⠼⠊,9,3,0,9,1,2,87,10
What special character does this Braille pattern represent: '⠐⠣'?,⠐⠣,(,(,',:,?,2,88,10
What number does this Braille pattern represent: '⠼⠑'?,⠼⠑,5,5,4,2,0,2,89,10
What combination does this Braille pattern represent: '⠅⠓'?,⠅⠓,KH,KH,G!,6V,YS,3,90,10
What word does this Braille pattern represent: '⠵⠕⠕'?,⠵⠕⠕,ZOO,HIT,ZOO,HUG,EGG,1,101,11
What word does this Braille pattern represent: '⠓⠥⠛'?,⠓⠥⠛,HUG,BIT,GYM,MOM,HUG,1,102,11
What word does this Braille pattern represent: '⠞⠕⠏'?,⠞⠕⠏,TOP,TOP,ZIP,WIN,MAP,1,103,11
What word does this Braille pattern represent: '⠚⠁⠍'?,⠚⠁⠍,JAM,FLY,PIG,JAM,END,1,104,11
What word does this Braille pattern represent: '⠃⠑⠑'?,⠃⠑⠑,BEE,BOW,BEE,PEN,RUN,1,105,11
What word does this Braille pattern represent: '⠁⠝⠛⠇⠑'?,⠁⠝⠛⠇⠑,ANGLE,TEACH,AFTER,ARROW,ANGLE,2,106,11
What word does this Braille pattern represent: '⠏⠓⠕⠝⠑'?,⠏⠓⠕⠝⠑,PHONE,PHONE,WATER,LUNCH,BREAD,2,107,11
What word does this Braille pattern represent: '⠁⠗⠊⠎⠑'?,⠁⠗⠊⠎⠑,ARISE,AFTER,ALONG,PLAY,ARISE,2,108,11
What word does this Braille pattern represent: '⠋⠁⠧⠕⠗⠊⠞⠑'?,⠋⠁⠧⠕⠗⠊⠞⠑,FAVORITE,ADVENTURE,COURAGE,FAVORITE,REMEMBER,3,109,11
What word does this Braille pattern represent: '⠙⠕⠛'?,⠙⠕⠛,DOG,JAR,MAP,RAT,DOG,1,110,12
What word does this Braille pattern represent: '⠛⠑⠞'?,⠛⠑⠞,GET,YET,GET,DUG,EAR,1,111,12
What word does this Braille pattern represent: '⠞⠕⠏'?,⠞⠕⠏,TOP,COW,TOP,SAD,SUN,1,112,12
What word does this Braille pattern represent: '⠎⠅⠽'?,⠎⠅⠽,SKY,COW,ACT,SKY,SAD,1,113,12
What word does this Braille pattern represent: '⠋⠁⠗'?,⠋⠁⠗,FAR,FLU,BIT,YET,FAR,1,114,12
What word does this Braille pattern represent: '⠁⠝⠛⠑⠗'?,⠁⠝⠛⠑⠗,ANGER,HOME,TABLE,DANCE,ANGER,2,115,12
What word does this Braille pattern represent: '⠏⠁⠏⠑⠗'?,⠏⠁⠏⠑⠗,PAPER,BACON,PAPER,ALARM,ABOUT,2,116,12
What word does this Braille pattern represent: '⠓⠕⠥⠎⠑'?,⠓⠕⠥⠎⠑,HOUSE,ARGUE,AUGUST,HOUSE,ARRAY,2,117,12
What word does this Braille pattern represent: '⠉⠓⠁⠇⠇⠑⠝⠛⠑'?,⠉⠓⠁⠇⠇⠑⠝⠛⠑,CHALLENGE,COMMUNITY,COURAGE,CHALLENGE,BLUEPRINT,3,118,12
What word does this Braille pattern represent: '⠇⠊⠙'?,⠇⠊⠙,LID,TOP,LID,BOX,INK,1,119,13
What word does this Braille pattern represent: '⠙⠥⠛'?,⠙⠥⠛,DUG,DUG,BEE,GUN,MOM,1,120,13
What word does this Braille pattern represent: '⠝⠁⠏'?,⠝⠁⠏,NAP,SIT,YET,DIM,NAP,1,121,13
What word does this Braille pattern represent: '⠃⠥⠎'?,⠃⠥⠎,BUS,DAD,TIP,LID,BUS,1,122,13
What word does this Braille pattern represent: '⠛⠁⠎'?,⠛⠁⠎,GAS,GAS,END,PEN,NAP,1,123,13
What word does this Braille pattern represent: '⠃⠁⠉⠕⠝'?,⠃⠁⠉⠕⠝,BACON,DREAM,ABOUT,BACON,AUGUST,2,124,13
What word does this Braille pattern represent: '⠉⠇⠕⠥⠙'?,⠉⠇⠕⠥⠙,CLOUD,CLOUD,AUGUST,BEACH,BREAD,2,125,13
What word does this Braille pattern represent: '⠍⠕⠝⠑⠽'?,⠍⠕⠝⠑⠽,MONEY,MONEY,ALBUM,HOME,FAMILY,2,126,13
What word does this Braille pattern represent: '⠛⠑⠝⠑⠗⠕⠥⠎'?,⠛⠑⠝⠑⠗⠕⠥⠎,GENEROUS,DECISION,GENEROUS,CAMPAIGN,DANGEROUS,3,127,13
What word does this Braille pattern represent: '⠁⠝⠞'?,⠁⠝⠞,ANT,LEG,FOX,ANT,SIT,1,128,14
What word does this Braille pattern represent: '⠋⠇⠥'?,⠋⠇⠥,FLU,FLU,DAY,SKY,DEW,1,129,14
What word does this Braille pattern represent: '⠎⠥⠝'?,⠎⠥⠝,SUN,SUN,FOX,END,RIM,1,130,14
What word does this Braille pattern represent: '⠽⠑⠞'?,⠽⠑⠞,YET,DEW,YET,END,BUS,1,131,14
What word does this Braille pattern represent: '⠕⠺⠇'?,⠕⠺⠇,OWL,GYM,OWL,FAN,FLY,1,132,14
What word does this Braille pattern represent: '⠁⠗⠛⠥⠑'?,⠁⠗⠛⠥⠑,ARGUE,HAPPY,WRITE,ARGUE,ANGLE,2,133,14
What word does this Braille pattern represent: '⠏⠓⠕⠝⠑'?,⠏⠓⠕⠝⠑,PHONE,PHONE,THINK,ARISE,CHILD,2,134,14
What word does this Braille pattern represent: '⠁⠇⠃⠥⠍'?,⠁⠇⠃⠥⠍,ALBUM,ALBUM,PAPER,TABLE,DREAM,2,135,14
What word does this Braille pattern represent: '⠉⠓⠁⠇⠇⠑⠝⠛⠑'?,⠉⠓⠁⠇⠇⠑⠝⠛⠑,CHALLENGE,CHALLENGE,HERITAGE,EXERCISE,EDUCATION,3,136,14
What word does this Braille pattern represent: '⠗⠁⠞'?,⠗⠁⠞,RAT,CUT,USE,RAT,ICE,1,137,15
What word does this Braille pattern represent: '⠙⠁⠽'?,⠙⠁⠽,DAY,DAY,MOM,DUG,KIT,1,138,15
What word does this Braille pattern represent: '⠉⠁⠗'?,⠉⠁⠗,CAR,MAP,LEG,CAR,GYM,1,139,15
What word does this Braille pattern represent: '⠑⠁⠞'?,⠑⠁⠞,EAT,LEG,EAT,EYE,FLU,1,140,15
What word does this Braille pattern represent: '⠉⠥⠞'?,⠉⠥⠞,CUT,INK,LID,CUT,ANT,1,141,15
What word does this Braille pattern represent: '⠃⠗⠑⠁⠙'?,⠃⠗⠑⠁⠙,BREAD,ARISE,QUIET,ASIDE,BREAD,2,142,15
What word does this Braille pattern represent: '⠏⠁⠗⠞⠽'?,⠏⠁⠗⠞⠽,PARTY,PAPER,FAMILY,PARTY,PLANT,2,143,15
What word does this Braille pattern represent: '⠉⠓⠊⠇⠙'?,⠉⠓⠊⠇⠙,CHILD,QUIET,HOUSE,CHILD,WATER,2,144,15
What word does this Braille pattern represent: '⠏⠁⠞⠊⠑⠝⠉⠑'?,⠏⠁⠞⠊⠑⠝⠉⠑,PATIENCE,ORIGINAL,EXERCISE,WONDERFUL,PATIENCE,3,145,15
What word does this Braille pattern represent: '⠍⠁⠏'?,⠍⠁⠏,MAP,MAP,DIM,LID,BAT,1,146,16
What word does this Braille pattern represent: '⠍⠁⠏'?,⠍⠁⠏,MAP,USE,END,MAP,MOM,1,147,16
What word does this Braille pattern represent: '⠙⠊⠍'?,⠙⠊⠍,DIM,EAT,FLY,DIM,NAP,1,148,16
What word does this Braille pattern represent: '⠉⠁⠝'?,⠉⠁⠝,CAN,END,HIT,CAN,RIM,1,149,16
What word does this Braille pattern represent: '⠞⠕⠏'?,⠞⠕⠏,TOP,JAM,TOP,JAR,DUG,1,150,16
What word does this Braille pattern represent: '⠋⠗⠥⠊⠞'?,⠋⠗⠥⠊⠞,FRUIT,FRUIT,THANK,CHAIR,PHONE,2,151,16
What word does this Braille pattern represent: '⠁⠃⠕⠥⠞'?,⠁⠃⠕⠥⠞,ABOUT,DANCE,FRIEND,MONEY,ABOUT,2,152,16
What word does this Braille pattern represent: '⠟⠥⠊⠑⠞'?,⠟⠥⠊⠑⠞,QUIET,FRUIT,QUIET,PLAY,WRITE,2,153,16
What word does this Braille pattern represent: '⠉⠓⠕⠉⠕⠇⠁⠞⠑'?,⠉⠓⠕⠉⠕⠇⠁⠞⠑,CHOCOLATE,PEACEFUL,DECISION,TOGETHER,CHOCOLATE,3,154,16
What word does this Braille pattern represent: '⠗⠑⠙'?,⠗⠑⠙,RED,EYE,RED,YET,BED,1,155,17
What word does this Braille pattern represent: '⠝⠑⠞'?,⠝⠑⠞,NET,TIP,FLU,NET,EYE,1,156,17
What word does this Braille pattern represent: '⠵⠊⠏'?,⠵⠊⠏,ZIP,FUN,ART,ZIP,JOY,1,157,17
What word does this Braille pattern represent: '⠃⠑⠙'?,⠃⠑⠙,BED,FLU,HAT,SUN,BED,1,158,17
What word does this Braille pattern represent: '⠁⠗⠞'?,⠁⠗⠞,ART,NAP,DAD,SUN,ART,1,159,17
What word does this Braille pattern represent: '⠁⠇⠕⠝⠛'?,⠁⠇⠕⠝⠛,ALONG,LIGHT,ALONG,TRAIN,CHAIR,2,160,17
What word does this Braille pattern represent: '⠁⠃⠕⠥⠞'?,⠁⠃⠕⠥⠞,ABOUT,ABOUT,ALONG,SWEET,LEARN,2,161,17
What word does this Braille pattern represent: '⠁⠃⠕⠥⠞'?,⠁⠃⠕⠥⠞,ABOUT,STUDY,ABOUT,PARTY,SWEET,2,162,17
What word does this Braille pattern represent: '⠏⠁⠞⠊⠑⠝⠉⠑'?,⠏⠁⠞⠊⠑⠝⠉⠑,PATIENCE,IMPORTANT,PATIENCE,BLUEPRINT,TOGETHER,3,163,17
What word does this Braille pattern represent: '⠋⠇⠽'?,⠋⠇⠽,FLY,GOT,BOX,USE,FLY,1,164,18
What word does this Braille pattern represent: '⠎⠥⠝'?,⠎⠥⠝,SUN,SUN,GAS,PIE,WEB,1,165,18
What word does this Braille pattern represent: '⠉⠁⠗'?,⠉⠁⠗,CAR,DAD,BIG,USE,CAR,1,166,18
What word does this Braille pattern represent: '⠝⠑⠞'?,⠝⠑⠞,NET,DUG,NET,CAR,HUG,1,167,18
What word does this Braille pattern represent: '⠗⠥⠝'?,⠗⠥⠝,RUN,PIG,FIT,KIT,RUN,1,168,18
What word does this Braille pattern represent: '⠺⠗⠊⠞⠑'?,⠺⠗⠊⠞⠑,WRITE,APPLE,DINNER,SLEEP,WRITE,2,169,18
What word does this Braille pattern represent: '⠋⠗⠥⠊⠞'?,⠋⠗⠥⠊⠞,FRUIT,ANGRY,ALONE,MOVIE,FRUIT,2,170,18
What word does this Braille pattern represent: '⠙⠊⠝⠝⠑⠗'?,⠙⠊⠝⠝⠑⠗,DINNER,MOVIE,FAMILY,DINNER,MONEY,2,171,18
What word does this Braille pattern represent: '⠏⠑⠁⠉⠑⠋⠥⠇'?,⠏⠑⠁⠉⠑⠋⠥⠇,PEACEFUL,TECHNIQUE,COURAGE,INTERNET,PEACEFUL,3,172,18
What word does this Braille pattern represent: '⠃⠑⠑'?,⠃⠑⠑,BEE,SIT,BEE,YES,DRY,1,173,19
What word does this Braille pattern represent: '⠙⠊⠍'?,⠙⠊⠍,DIM,KEY,CAT,DIM,FUN,1,174,19
What word does this Braille pattern represent: '⠽⠑⠞'?,⠽⠑⠞,YET,BAT,VAN,YET,FAR,1,175,19
What word does this Braille pattern represent: '⠉⠁⠗'?,⠉⠁⠗,CAR,RIM,PIE,SKY,CAR,1,176,19
What word does this Braille pattern represent: '⠚⠕⠽'?,⠚⠕⠽,JOY,JOY,FAR,DAY,SKY,1,177,19
What word does this Braille pattern represent: '⠁⠇⠃⠥⠍'?,⠁⠇⠃⠥⠍,ALBUM,QUIET,ALBUM,ARISE,ABOVE,2,178,19
What word does this Braille pattern represent: '⠁⠝⠛⠑⠗'?,⠁⠝⠛⠑⠗,ANGER,ANGER,ALIVE,APPLE,ANGRY,2,179,19
What word does this Braille pattern represent: '⠁⠃⠕⠧⠑'?,⠁⠃⠕⠧⠑,ABOVE,ALONE,ASIDE,ALBUM,ABOVE,2,180,19
What word does this Braille pattern represent: '⠊⠝⠞⠑⠗⠝⠑⠞'?,⠊⠝⠞⠑⠗⠝⠑⠞,INTERNET,QUESTION,ADVENTURE,HERITAGE,INTERNET,3,181,19
What word does this Braille pattern represent: '⠝⠁⠏'?,⠝⠁⠏,NAP,HIT,NAP,MOM,USE,1,182,20
What word does this Braille pattern represent: '⠏⠊⠑'?,⠏⠊⠑,PIE,AIR,BED,ACT,PIE,1,183,20
What word does this Braille pattern represent: '⠏⠊⠑'?,⠏⠊⠑,PIE,FLU,GOT,PIE,HIT,1,184,20
What word does this Braille pattern represent: '⠉⠁⠞'?,⠉⠁⠞,CAT,BAD,CAT,VAN,MOM,1,185,20
What word does this Braille pattern represent: '⠛⠁⠎'?,⠛⠁⠎,GAS,FLY,GAS,YES,DRY,1,186,20
What word does this Braille pattern represent: '⠋⠁⠍⠊⠇⠽'?,⠋⠁⠍⠊⠇⠽,FAMILY,PAPER,FAMILY,TABLE,SCHOOL,2,187,20
What word does this Braille pattern represent: '⠞⠓⠁⠝⠅'?,⠞⠓⠁⠝⠅,THANK,LIGHT,THANK,ABOVE,HELLO,2,188,20
What word does this Braille pattern represent: '⠁⠇⠁⠗⠍'?,⠁⠇⠁⠗⠍,ALARM,ARRAY,ALARM,THANK,PARTY,2,189,20
What word does this Braille pattern represent: '⠞⠑⠉⠓⠝⠊⠟⠥⠑'?,⠞⠑⠉⠓⠝⠊⠟⠥⠑,TECHNIQUE,HAPPINESS,TECHNIQUE,DANGEROUS,INTERNET,3,190,20
What phrase does this Braille pattern represent: '⠞⠓⠁⠝⠅ ⠽⠕⠥'?,⠞⠓⠁⠝⠅ ⠽⠕⠥,THANK YOU,PLEASE AND THANK YOU,THANK YOU,CAN YOU HELP,WHAT TIME IS IT,1,201,21
What phrase does this Braille pattern represent: '⠎⠑⠑ ⠽⠕⠥ ⠇⠁⠞⠑⠗'?,⠎⠑⠑ ⠽⠕⠥ ⠇⠁⠞⠑⠗,SEE YOU LATER,SEE YOU LATER,WHERE ARE YOU,PLEASE AND THANK YOU,WHAT TIME IS IT,1,202,21
What phrase does this Braille pattern represent: '⠓⠁⠧⠑ ⠁ ⠝⠊⠉⠑ ⠙⠁⠽'?,⠓⠁⠧⠑ ⠁ ⠝⠊⠉⠑ ⠙⠁⠽,HAVE A NICE DAY,LETS GO NOW,MY NAME IS,THANK YOU,HAVE A NICE DAY,1,203,21
What phrase does this Braille pattern represent: '⠎⠑⠑ ⠽⠕⠥ ⠇⠁⠞⠑⠗'?,⠎⠑⠑ ⠽⠕⠥ ⠇⠁⠞⠑⠗,SEE YOU LATER,SEE YOU LATER,I LIKE IT,LETS GO NOW,WHAT TIME IS IT,1,204,21
What phrase does this Braille pattern represent: '⠊ ⠇⠊⠅⠑ ⠊⠞'?,⠊ ⠇⠊⠅⠑ ⠊⠞,I LIKE IT,THANK YOU,PLEASE AND THANK YOU,GOOD MORNING,I LIKE IT,1,205,21
What phrase does this Braille pattern represent: '⠝⠊⠉⠑ ⠞⠕ ⠍⠑⠑⠞ ⠽⠕⠥'?,⠝⠊⠉⠑ ⠞⠕ ⠍⠑⠑⠞ ⠽⠕⠥,NICE TO MEET YOU,I LIKE IT,NICE TO MEET YOU,LETS GO NOW,WHERE ARE YOU,1,206,21
What phrase does this Braille pattern represent: '⠞⠓⠁⠝⠅ ⠽⠕⠥'?,⠞⠓⠁⠝⠅ ⠽⠕⠥,THANK YOU,THANK YOU,HOW ARE YOU,SEE YOU TOMORROW,SEE YOU LATER,1,207,21
What phrase does this Braille pattern represent: '⠞⠑⠇⠇ ⠍⠑ ⠍⠕⠗⠑ ⠁⠃⠕⠥⠞ ⠊⠞'?,⠞⠑⠇⠇ ⠍⠑ ⠍⠕⠗⠑ ⠁⠃⠕⠥⠞ ⠊⠞,TELL ME MORE ABOUT IT,LET ME THINK ABOUT IT,TELL ME MORE ABOUT IT,DO YOU UNDERSTAND ME,I NEED MORE TIME,1,208,21
What phrase does this Braille pattern represent: '⠙⠕ ⠽⠕⠥ ⠥⠝⠙⠑⠗⠎⠞⠁⠝⠙ ⠍⠑'?,⠙⠕ ⠽⠕⠥ ⠥⠝⠙⠑⠗⠎⠞⠁⠝⠙ ⠍⠑,DO YOU UNDERSTAND ME,HOW WAS YOUR DAY,I NEED MORE TIME,WHAT ARE YOUR PLANS,DO YOU UNDERSTAND ME,1,209,21
What phrase does this Braille pattern represent: '⠏⠇⠑⠁⠎⠑ ⠞⠁⠅⠑ ⠽⠕⠥⠗ ⠞⠊⠍⠑ ⠞⠕ ⠙⠑⠉⠊⠙⠑'?,⠏⠇⠑⠁⠎⠑ ⠞⠁⠅⠑ ⠽⠕⠥⠗ ⠞⠊⠍⠑ ⠞⠕ ⠙⠑⠉⠊⠙⠑,PLEASE TAKE YOUR TIME TO DECIDE,I WOULD APPRECIATE YOUR HELP,I LOOK FORWARD TO SEEING YOU AGAIN,PLEASE TAKE YOUR TIME TO DECIDE,WHAT DO YOU THINK ABOUT THIS IDEA,1,210,21
What phrase does this Braille pattern represent: '⠺⠓⠁⠞ ⠞⠊⠍⠑ ⠊⠎ ⠊⠞'?,⠺⠓⠁⠞ ⠞⠊⠍⠑ ⠊⠎ ⠊⠞,WHAT TIME IS IT,WHAT TIME IS IT,HOW ARE YOU,I LIKE IT,SEE YOU TOMORROW,1,211,22
What phrase does this Braille pattern represent: '⠍⠽ ⠝⠁⠍⠑ ⠊⠎'?,⠍⠽ ⠝⠁⠍⠑ ⠊⠎,MY NAME IS,LETS GO NOW,WHERE ARE YOU,WHAT TIME IS IT,MY NAME IS,1,212,22
What phrase does this Braille pattern represent: '⠏⠇⠑⠁⠎⠑ ⠁⠝⠙ ⠞⠓⠁⠝⠅ ⠽⠕⠥'?,⠏⠇⠑⠁⠎⠑ ⠁⠝⠙ ⠞⠓⠁⠝⠅ ⠽⠕⠥,PLEASE AND THANK YOU,NICE TO MEET YOU,HOW ARE YOU,PLEASE AND THANK YOU,GOOD MORNING,1,213,22
What phrase does this Braille pattern represent: '⠍⠽ ⠝⠁⠍⠑ ⠊⠎'?,⠍⠽ ⠝⠁⠍⠑ ⠊⠎,MY NAME IS,HOW ARE YOU,MY NAME IS,NICE TO MEET YOU,GOOD MORNING,1,214,22
What phrase does this Braille pattern represent: '⠊ ⠇⠊⠅⠑ ⠊⠞'?,⠊ ⠇⠊⠅⠑ ⠊⠞,I LIKE IT,SEE YOU TOMORROW,CAN YOU HELP,I LIKE IT,THANK YOU,1,215,22
What phrase does this Braille pattern represent: '⠎⠑⠑ ⠽⠕⠥ ⠞⠕⠍⠕⠗⠗⠕⠺'?,⠎⠑⠑ ⠽⠕⠥ ⠞⠕⠍⠕⠗⠗⠕⠺,SEE YOU TOMORROW,NICE TO MEET YOU,PLEASE AND THANK YOU,SEE YOU TOMORROW,MY NAME IS,1,216,22
What phrase does this Braille pattern represent: '⠊ ⠇⠊⠅⠑ ⠊⠞'?,⠊ ⠇⠊⠅⠑ ⠊⠞,I LIKE IT,CAN YOU HELP,SEE YOU LATER,I LIKE IT,GOOD MORNING,1,217,22
What phrase does this Braille pattern represent: '⠞⠑⠇⠇ ⠍⠑ ⠍⠕⠗⠑ ⠁⠃⠕⠥⠞ ⠊⠞'?,⠞⠑⠇⠇ ⠍⠑ ⠍⠕⠗⠑ ⠁⠃⠕⠥⠞ ⠊⠞,TELL ME MORE ABOUT IT,TELL ME MORE ABOUT IT,WOULD YOU LIKE COFFEE,THANKS FOR YOUR HELP,LET ME THINK ABOUT IT,1,218,22
What phrase does this Braille pattern represent: '⠓⠕⠺ ⠉⠁⠝ ⠊ ⠓⠑⠇⠏ ⠽⠕⠥'?,⠓⠕⠺ ⠉⠁⠝ ⠊ ⠓⠑⠇⠏ ⠽⠕⠥,HOW CAN I HELP YOU,HOW WAS YOUR DAY,HOW CAN I HELP YOU,WHAT ARE YOUR PLANS,WHERE SHOULD WE MEET,1,219,22
What phrase does this Braille pattern represent: '⠓⠁⠧⠑ ⠁ ⠺⠕⠝⠙⠑⠗⠋⠥⠇ ⠙⠁⠽ ⠁⠓⠑⠁⠙'?,⠓⠁⠧⠑ ⠁ ⠺⠕⠝⠙⠑⠗⠋⠥⠇ ⠙⠁⠽ ⠁⠓⠑⠁⠙,HAVE A WONDERFUL DAY AHEAD,HAVE A WONDERFUL DAY AHEAD,PLEASE TAKE YOUR TIME TO DECIDE,IT WAS A PLEASURE MEETING YOU,WHAT DO YOU THINK ABOUT THIS IDEA,1,220,22
What phrase does this Braille pattern represent: '⠓⠕⠺ ⠁⠗⠑ ⠽⠕⠥'?,⠓⠕⠺ ⠁⠗⠑ ⠽⠕⠥,HOW ARE YOU,HOW ARE YOU,GOOD NIGHT,HAVE A NICE DAY,WHAT TIME IS IT,1,221,23
What phrase does this Braille pattern represent: '⠓⠕⠺ ⠁⠗⠑ ⠽⠕⠥'?,⠓⠕⠺ ⠁⠗⠑ ⠽⠕⠥,HOW ARE YOU,HOW ARE YOU,THANK YOU,I LIKE IT,LETS GO NOW,1,222,23
What phrase does this Braille pattern represent: '⠛⠕⠕⠙ ⠍⠕⠗⠝⠊⠝⠛'?,⠛⠕⠕⠙ ⠍⠕⠗⠝⠊⠝⠛,GOOD MORNING,GOOD NIGHT,I LIKE IT,SEE YOU TOMORROW,GOOD MORNING,1,223,23
What phrase does this Braille pattern represent: '⠺⠓⠁⠞ ⠞⠊⠍⠑ ⠊⠎ ⠊⠞'?,⠺⠓⠁⠞ ⠞⠊⠍⠑ ⠊⠎ ⠊⠞,WHAT TIME IS IT,WHAT TIME IS IT,LETS GO NOW,THANK YOU,WHERE ARE YOU,1,224,23
What phrase does this Braille pattern represent: '⠍⠽ ⠝⠁⠍⠑ ⠊⠎'?,⠍⠽ ⠝⠁⠍⠑ ⠊⠎,MY NAME IS,THANK YOU,NICE TO MEET YOU,HOW ARE YOU,MY NAME IS,1,225,23
What phrase does this Braille pattern represent: '⠎⠑⠑ ⠽⠕⠥ ⠞⠕⠍⠕⠗⠗⠕⠺'?,⠎⠑⠑ ⠽⠕⠥ ⠞⠕⠍⠕⠗⠗⠕⠺,SEE YOU TOMORROW,PLEASE AND THANK YOU,SEE YOU TOMORROW,CAN YOU HELP,HOW ARE YOU,1,226,23
What phrase does this Braille pattern represent: '⠍⠽ ⠝⠁⠍⠑ ⠊⠎'?,⠍⠽ ⠝⠁⠍⠑ ⠊⠎,MY NAME IS,SEE YOU TOMORROW,SEE YOU LATER,I LIKE IT,MY NAME IS,1,227,23
What phrase does this Braille pattern represent: '⠓⠕⠺ ⠺⠁⠎ ⠽⠕⠥⠗ ⠙⠁⠽'?,⠓⠕⠺ ⠺⠁⠎ ⠽⠕⠥⠗ ⠙⠁⠽,HOW WAS YOUR DAY,THANKS FOR YOUR HELP,TELL ME MORE ABOUT IT,I NEED MORE TIME,HOW WAS YOUR DAY,1,228,23
What phrase does this Braille pattern represent: '⠓⠕⠺ ⠺⠁⠎ ⠽⠕⠥⠗ ⠙⠁⠽'?,⠓⠕⠺ ⠺⠁⠎ ⠽⠕⠥⠗ ⠙⠁⠽,HOW WAS YOUR DAY,LET ME THINK ABOUT IT,HOW WAS YOUR DAY,WOULD YOU LIKE COFFEE,DO YOU UNDERSTAND ME,1,229,23
What phrase does this Braille pattern represent: '⠊ ⠇⠕⠕⠅ ⠋⠕⠗⠺⠁⠗⠙ ⠞⠕ ⠎⠑⠑⠊⠝⠛ ⠽⠕⠥ ⠁⠛⠁⠊⠝'?,⠊ ⠇⠕⠕⠅ ⠋⠕⠗⠺⠁⠗⠙ ⠞⠕ ⠎⠑⠑⠊⠝⠛ ⠽⠕⠥ ⠁⠛⠁⠊⠝,I LOOK FORWARD TO SEEING YOU AGAIN,COULD YOU PLEASE EXPLAIN THAT AGAIN,WOULD YOU MIND HELPING ME WITH THIS,I LOOK FORWARD TO SEEING YOU AGAIN,THANK YOU FOR YOUR CONSIDERATION,1,230,23
What phrase does this Braille pattern represent: '⠎⠑⠑ ⠽⠕⠥ ⠇⠁⠞⠑⠗'?,⠎⠑⠑ ⠽⠕⠥ ⠇⠁⠞⠑⠗,SEE YOU LATER,SEE YOU LATER,NICE TO MEET YOU,CAN YOU HELP,HOW ARE YOU,1,231,24
What phrase does this Braille pattern represent: '⠺⠓⠁⠞ ⠞⠊⠍⠑ ⠊⠎ ⠊⠞'?,⠺⠓⠁⠞ ⠞⠊⠍⠑ ⠊⠎ ⠊⠞,WHAT TIME IS IT,HAVE A NICE DAY,HOW ARE YOU,WHAT TIME IS IT,THANK YOU,1,232,24
What phrase does this Braille pattern represent: '⠍⠽ ⠝⠁⠍⠑ ⠊⠎'?,⠍⠽ ⠝⠁⠍⠑ ⠊⠎,MY NAME IS,WHERE ARE YOU,PLEASE AND THANK YOU,MY NAME IS,HAVE A NICE DAY,1,233,24
What phrase does this Braille pattern represent: '⠏⠇⠑⠁⠎⠑ ⠁⠝⠙ ⠞⠓⠁⠝⠅ ⠽⠕⠥'?,⠏⠇⠑⠁⠎⠑ ⠁⠝⠙ ⠞⠓⠁⠝⠅ ⠽⠕⠥,PLEASE AND THANK YOU,MY NAME IS,SEE YOU LATER,PLEASE AND THANK YOU,LETS GO NOW,1,234,24
What phrase does this Braille pattern represent: '⠊ ⠇⠊⠅⠑ ⠊⠞'?,⠊ ⠇⠊⠅⠑ ⠊⠞,I LIKE IT,GOOD MORNING,WHAT TIME IS IT,THANK YOU,I LIKE IT,1,235,24
What phrase does this Braille pattern represent: '⠞⠓⠁⠝⠅ ⠽⠕⠥'?,⠞⠓⠁⠝⠅ ⠽⠕⠥,THANK YOU,THANK YOU,LETS GO NOW,MY NAME IS,PLEASE AND THANK YOU,1,236,24
What phrase does this Braille pattern represent: '⠍⠽ ⠝⠁⠍⠑ ⠊⠎'?,⠍⠽ ⠝⠁⠍⠑ ⠊⠎,MY NAME IS,THANK YOU,CAN YOU HELP,GOOD MORNING,MY NAME IS,1,237,24
What phrase does this Braille pattern represent: '⠊ ⠝⠑⠑⠙ ⠍⠕⠗⠑ ⠞⠊⠍⠑'?,⠊ ⠝⠑⠑⠙ ⠍⠕⠗⠑ ⠞⠊⠍⠑,I NEED MORE TIME,WHERE SHOULD WE MEET,WOULD YOU LIKE COFFEE,I NEED MORE TIME,LET ME THINK ABOUT IT,1,238,24
What phrase does this Braille pattern represent: '⠺⠓⠁⠞ ⠙⠕ ⠽⠕⠥ ⠞⠓⠊⠝⠅'?,⠺⠓⠁⠞ ⠙⠕ ⠽⠕⠥ ⠞⠓⠊⠝⠅,WHAT DO YOU THINK,TELL ME MORE ABOUT IT,WHAT DO YOU THINK,THANKS FOR YOUR HELP,WOULD YOU LIKE COFFEE,1,239,24
What phrase does this Braille pattern represent: '⠺⠓⠁⠞ ⠙⠕ ⠽⠕⠥ ⠞⠓⠊⠝⠅ ⠁⠃⠕⠥⠞ ⠞⠓⠊⠎ ⠊⠙⠑⠁'?,⠺⠓⠁⠞ ⠙⠕ ⠽⠕⠥ ⠞⠓⠊⠝⠅ ⠁⠃⠕⠥⠞ ⠞⠓⠊⠎ ⠊⠙⠑⠁,WHAT DO YOU THINK ABOUT THIS IDEA,WHAT DO YOU THINK ABOUT THIS IDEA,PLEASE TAKE YOUR TIME TO DECIDE,HAVE A WONDERFUL DAY AHEAD,COULD YOU PLEASE EXPLAIN THAT AGAIN,1,240,24
What phrase does this Braille pattern represent: '⠺⠓⠑⠗⠑ ⠁⠗⠑ ⠽⠕⠥'?,⠺⠓⠑⠗⠑ ⠁⠗⠑ ⠽⠕⠥,WHERE ARE YOU,WHERE ARE YOU,WHAT TIME IS IT,MY NAME IS,SEE YOU TOMORROW,1,241,25
What phrase does this Braille pattern represent: '⠊ ⠇⠊⠅⠑ ⠊⠞'?,⠊ ⠇⠊⠅⠑ ⠊⠞,I LIKE IT,CAN YOU HELP,I LIKE IT,PLEASE AND THANK YOU,NICE TO MEET YOU,1,242,25
What phrase does this Braille pattern represent: '⠎⠑⠑ ⠽⠕⠥ ⠞⠕⠍⠕⠗⠗⠕⠺'?,⠎⠑⠑ ⠽⠕⠥ ⠞⠕⠍⠕⠗⠗⠕⠺,SEE YOU TOMORROW,HAVE A NICE DAY,SEE YOU TOMORROW,NICE TO MEET YOU,LETS GO NOW,1,243,25
What phrase does this Braille pattern represent: '⠓⠁⠧⠑ ⠁ ⠝⠊⠉⠑ ⠙⠁⠽'?,⠓⠁⠧⠑ ⠁ ⠝⠊⠉⠑ ⠙⠁⠽,HAVE A NICE DAY,WHERE ARE YOU,SEE YOU LATER,SEE YOU TOMORROW,HAVE A NICE DAY,1,244,25
What phrase does this Braille pattern represent: '⠉⠁⠝ ⠽⠕⠥ ⠓⠑⠇⠏'?,⠉⠁⠝ ⠽⠕⠥ ⠓⠑⠇⠏,CAN YOU HELP,SEE YOU TOMORROW,WHERE ARE YOU,CAN YOU HELP,MY NAME IS,1,245,25
What phrase does this Braille pattern represent: '⠉⠁⠝ ⠽⠕⠥ ⠓⠑⠇⠏'?,⠉⠁⠝ ⠽⠕⠥ ⠓⠑⠇⠏,CAN YOU HELP,LETS GO NOW,GOOD NIGHT,SEE YOU TOMORROW,CAN YOU HELP,1,246,25
What phrase does this Braille pattern represent: '⠺⠓⠑⠗⠑ ⠁⠗⠑ ⠽⠕⠥'?,⠺⠓⠑⠗⠑ ⠁⠗⠑ ⠽⠕⠥,WHERE ARE YOU,HOW ARE YOU,GOOD NIGHT,WHAT TIME IS IT,WHERE ARE YOU,1,247,25
What phrase does this Braille pattern represent: '⠓⠕⠺ ⠺⠁⠎ ⠽⠕⠥⠗ ⠙⠁⠽'?,⠓⠕⠺ ⠺⠁⠎ ⠽⠕⠥⠗ ⠙⠁⠽,HOW WAS YOUR DAY,WHAT DO YOU THINK,I NEED MORE TIME,WHERE SHOULD WE MEET,HOW WAS YOUR DAY,1,248,25
What phrase does this Braille pattern represent: '⠞⠓⠁⠝⠅⠎ ⠋⠕⠗ ⠽⠕⠥⠗ ⠓⠑⠇⠏'?,⠞⠓⠁⠝⠅⠎ ⠋⠕⠗ ⠽⠕⠥⠗ ⠓⠑⠇⠏,THANKS FOR YOUR HELP,CAN YOU EXPLAIN THIS,I NEED MORE TIME,TELL ME MORE ABOUT IT,THANKS FOR YOUR HELP,1,249,25
What phrase does this Braille pattern represent: '⠇⠑⠞ ⠍⠑ ⠅⠝⠕⠺ ⠺⠓⠑⠝ ⠽⠕⠥ ⠁⠗⠑ ⠗⠑⠁⠙⠽'?,⠇⠑⠞ ⠍⠑ ⠅⠝⠕⠺ ⠺⠓⠑⠝ ⠽⠕⠥ ⠁⠗⠑ ⠗⠑⠁⠙⠽,LET ME KNOW WHEN YOU ARE READY,PLEASE TAKE YOUR TIME TO DECIDE,WHAT DO YOU THINK ABOUT THIS IDEA,LET ME KNOW WHEN YOU ARE READY,IT WAS A PLEASURE MEETING YOU,1,250,25
What phrase does this Braille pattern represent: '⠛⠕⠕⠙ ⠝⠊⠛⠓⠞'?,⠛⠕⠕⠙ ⠝⠊⠛⠓⠞,GOOD NIGHT,PLEASE AND THANK YOU,THANK YOU,I LIKE IT,GOOD NIGHT,1,251,26
What phrase does this Braille pattern represent: '⠺⠓⠁⠞ ⠞⠊⠍⠑ ⠊⠎ ⠊⠞'?,⠺⠓⠁⠞ ⠞⠊⠍⠑ ⠊⠎ ⠊⠞,WHAT TIME IS IT,HAVE A NICE DAY,I LIKE IT,WHAT TIME IS IT,SEE YOU LATER,1,252,26
What phrase does this Braille pattern represent: '⠇⠑⠞⠎ ⠛⠕ ⠝⠕⠺'?,⠇⠑⠞⠎ ⠛⠕ ⠝⠕⠺,LETS GO NOW,NICE TO MEET YOU,MY NAME IS,SEE YOU TOMORROW,LETS GO NOW,1,253,26
What phrase does this Braille pattern represent: '⠏⠇⠑⠁⠎⠑ ⠁⠝⠙ ⠞⠓⠁⠝⠅ ⠽⠕⠥'?,⠏⠇⠑⠁⠎⠑ ⠁⠝⠙ ⠞⠓⠁⠝⠅ ⠽⠕⠥,PLEASE AND THANK YOU,PLEASE AND THANK YOU,NICE TO MEET YOU,HAVE A NICE DAY,THANK YOU,1,254,26
What phrase does this Braille pattern represent: '⠎⠑⠑ ⠽⠕⠥ ⠇⠁⠞⠑⠗'?,⠎⠑⠑ ⠽⠕⠥ ⠇⠁⠞⠑⠗,SEE YOU LATER,SEE YOU LATER,HOW ARE YOU,THANK YOU,WHAT TIME IS IT,1,255,26
What phrase does this Braille pattern represent: '⠓⠁⠧⠑ ⠁ ⠝⠊⠉⠑ ⠙⠁⠽'?,⠓⠁⠧⠑ ⠁ ⠝⠊⠉⠑ ⠙⠁⠽,HAVE A NICE DAY,SEE YOU LATER,I LIKE IT,HAVE A NICE DAY,NICE TO MEET YOU,1,256,26
What phrase does this Braille pattern represent: '⠺⠓⠁⠞ ⠞⠊⠍⠑ ⠊⠎ ⠊⠞'?,⠺⠓⠁⠞ ⠞⠊⠍⠑ ⠊⠎ ⠊⠞,WHAT TIME IS IT,HAVE A NICE DAY,PLEASE AND THANK YOU,WHAT TIME IS IT,WHERE ARE YOU,1,257,26
What phrase does this Braille pattern represent: '⠇⠑⠞ ⠍⠑ ⠞⠓⠊⠝⠅ ⠁⠃⠕⠥⠞ ⠊⠞'?,⠇⠑⠞ ⠍⠑ ⠞⠓⠊⠝⠅ ⠁⠃⠕⠥⠞ ⠊⠞,LET ME THINK ABOUT IT,I NEED MORE TIME,WHAT ARE YOUR PLANS,LET ME THINK ABOUT IT,THANKS FOR YOUR HELP,1,258,26
What phrase does this Braille pattern represent: '⠙⠕ ⠽⠕⠥ ⠥⠝⠙⠑⠗⠎⠞⠁⠝⠙ ⠍⠑'?,⠙⠕ ⠽⠕⠥ ⠥⠝⠙⠑⠗⠎⠞⠁⠝⠙ ⠍⠑,DO YOU UNDERSTAND ME,WOULD YOU LIKE COFFEE,WHAT ARE YOUR PLANS,I NEED MORE TIME,DO YOU UNDERSTAND ME,1,259,26
What phrase does this Braille pattern represent: '⠉⠕⠥⠇⠙ ⠽⠕⠥ ⠏⠇⠑⠁⠎⠑ ⠑⠭⠏⠇⠁⠊⠝ ⠞⠓⠁⠞ ⠁⠛⠁⠊⠝'?,⠉⠕⠥⠇⠙ ⠽⠕⠥ ⠏⠇⠑⠁⠎⠑ ⠑⠭⠏⠇⠁⠊⠝ ⠞⠓⠁⠞ ⠁⠛⠁⠊⠝,COULD YOU PLEASE EXPLAIN THAT AGAIN,THANK YOU FOR YOUR CONSIDERATION,HAVE A WONDERFUL DAY AHEAD,COULD YOU PLEASE EXPLAIN THAT AGAIN,LET ME KNOW WHEN YOU ARE READY,1,260,26
What phrase does this Braille pattern represent: '⠇⠑⠞⠎ ⠛⠕ ⠝⠕⠺'?,⠇⠑⠞⠎ ⠛⠕ ⠝⠕⠺,LETS GO NOW,LETS GO NOW,GOOD MORNING,CAN YOU HELP,WHAT TIME IS IT,1,261,27
What phrase does this Braille pattern represent: '⠎⠑⠑ ⠽⠕⠥ ⠇⠁⠞⠑⠗'?,⠎⠑⠑ ⠽⠕⠥ ⠇⠁⠞⠑⠗,SEE YOU LATER,CAN YOU HELP,PLEASE AND THANK YOU,SEE YOU LATER,HOW ARE YOU,1,262,27
What phrase does this Braille pattern represent: '⠛⠕⠕⠙ ⠍⠕⠗⠝⠊⠝⠛'?,⠛⠕⠕⠙ ⠍⠕⠗⠝⠊⠝⠛,GOOD MORNING,GOOD MORNING,WHERE ARE YOU,WHAT TIME IS IT,THANK YOU,1,263,27
What phrase does this Braille pattern represent: '⠛⠕⠕⠙ ⠍⠕⠗⠝⠊⠝⠛'?,⠛⠕⠕⠙ ⠍⠕⠗⠝⠊⠝⠛,GOOD MORNING,SEE YOU LATER,LETS GO NOW,GOOD MORNING,SEE YOU TOMORROW,1,264,27
What phrase does this Braille pattern represent: '⠊ ⠇⠊⠅⠑ ⠊⠞'?,⠊ ⠇⠊⠅⠑ ⠊⠞,I LIKE IT,I LIKE IT,CAN YOU HELP,WHAT TIME IS IT,NICE TO MEET YOU,1,265,27
What phrase does this Braille pattern represent: '⠺⠓⠑⠗⠑ ⠁⠗⠑ ⠽⠕⠥'?,⠺⠓⠑⠗⠑ ⠁⠗⠑ ⠽⠕⠥,WHERE ARE YOU,WHERE ARE YOU,NICE TO MEET YOU,I LIKE IT,GOOD MORNING,1,266,27
What phrase does this Braille pattern represent: '⠇⠑⠞⠎ ⠛⠕ ⠝⠕⠺'?,⠇⠑⠞⠎ ⠛⠕ ⠝⠕⠺,LETS GO NOW,WHERE ARE YOU,LETS GO NOW,NICE TO MEET YOU,I LIKE IT,1,267,27
What phrase does this Braille pattern represent: '⠉⠁⠝ ⠽⠕⠥ ⠑⠭⠏⠇⠁⠊⠝ ⠞⠓⠊⠎'?,⠉⠁⠝ ⠽⠕⠥ ⠑⠭⠏⠇⠁⠊⠝ ⠞⠓⠊⠎,CAN YOU EXPLAIN THIS,CAN YOU EXPLAIN THIS,WOULD YOU LIKE COFFEE,LET ME THINK ABOUT IT,TELL ME MORE ABOUT IT,1,268,27
What phrase does this Braille pattern represent: '⠞⠓⠁⠝⠅⠎ ⠋⠕⠗ ⠽⠕⠥⠗ ⠓⠑⠇⠏'?,⠞⠓⠁⠝⠅⠎ ⠋⠕⠗ ⠽⠕⠥⠗ ⠓⠑⠇⠏,THANKS FOR YOUR HELP,THANKS FOR YOUR HELP,TELL ME MORE ABOUT IT,LET ME THINK ABOUT IT,HOW WAS YOUR DAY,1,269,27
What phrase does this Braille pattern represent: '⠺⠕⠥⠇⠙ ⠽⠕⠥ ⠍⠊⠝⠙ ⠓⠑⠇⠏⠊⠝⠛ ⠍⠑ ⠺⠊⠞⠓ ⠞⠓⠊⠎'?,⠺⠕⠥⠇⠙ ⠽⠕⠥ ⠍⠊⠝⠙ ⠓⠑⠇⠏⠊⠝⠛ ⠍⠑ ⠺⠊⠞⠓ ⠞⠓⠊⠎,WOULD YOU MIND HELPING ME WITH THIS,WOULD YOU MIND HELPING ME WITH THIS,I LOOK FORWARD TO SEEING YOU AGAIN,THANK YOU FOR YOUR CONSIDERATION,WHAT DO YOU THINK ABOUT THIS IDEA,1,270,27
What phrase does this Braille pattern represent: '⠎⠑⠑ ⠽⠕⠥ ⠞⠕⠍⠕⠗⠗⠕⠺'?,⠎⠑⠑ ⠽⠕⠥ ⠞⠕⠍⠕⠗⠗⠕⠺,SEE YOU TOMORROW,THANK YOU,SEE YOU TOMORROW,HOW ARE YOU,WHERE ARE YOU,1,271,28
What phrase does this Braille pattern represent: '⠎⠑⠑ ⠽⠕⠥ ⠞⠕⠍⠕⠗⠗⠕⠺'?,⠎⠑⠑ ⠽⠕⠥ ⠞⠕⠍⠕⠗⠗⠕⠺,SEE YOU TOMORROW,I LIKE IT,SEE YOU TOMORROW,GOOD MORNING,WHERE ARE YOU,1,272,28
What phrase does this Braille pattern represent: '⠎⠑⠑ ⠽⠕⠥ ⠞⠕⠍⠕⠗⠗⠕⠺'?,⠎⠑⠑ ⠽⠕⠥ ⠞⠕⠍⠕⠗⠗⠕⠺,SEE YOU TOMORROW,MY NAME IS,NICE TO MEET YOU,SEE YOU TOMORROW,I LIKE IT,1,273,28
What phrase does this Braille pattern represent: '⠝⠊⠉⠑ ⠞⠕ ⠍⠑⠑⠞ ⠽⠕⠥'?,⠝⠊⠉⠑ ⠞⠕ ⠍⠑⠑⠞ ⠽⠕⠥,NICE TO MEET YOU,NICE TO MEET YOU,PLEASE AND THANK YOU,MY NAME IS,WHERE ARE YOU,1,274,28
What phrase does this Braille pattern represent: '⠞⠓⠁⠝⠅ ⠽⠕⠥'?,⠞⠓⠁⠝⠅ ⠽⠕⠥,THANK YOU,WHAT TIME IS IT,LETS GO NOW,NICE TO MEET YOU,THANK YOU,1,275,28
What phrase does this Braille pattern represent: '⠓⠁⠧⠑ ⠁ ⠝⠊⠉⠑ ⠙⠁⠽'?,⠓⠁⠧⠑ ⠁ ⠝⠊⠉⠑ ⠙⠁⠽,HAVE A NICE DAY,WHERE ARE YOU,HAVE A NICE DAY,LETS GO NOW,I LIKE IT,1,276,28
What phrase does this Braille pattern represent: '⠓⠕⠺ ⠁⠗⠑ ⠽⠕⠥'?,⠓⠕⠺ ⠁⠗⠑ ⠽⠕⠥,HOW ARE YOU,CAN YOU HELP,HOW ARE YOU,GOOD MORNING,WHERE ARE YOU,1,277,28
What phrase does this Braille pattern represent: '⠺⠕⠥⠇⠙ ⠽⠕⠥ ⠇⠊⠅⠑ ⠉⠕⠋⠋⠑⠑'?,⠺⠕⠥⠇⠙ ⠽⠕⠥ ⠇⠊⠅⠑ ⠉⠕⠋⠋⠑⠑,WOULD YOU LIKE COFFEE,CAN YOU EXPLAIN THIS,DO YOU UNDERSTAND ME,WOULD YOU LIKE COFFEE,WHAT ARE YOUR PLANS,1,278,28
What phrase does this Braille pattern represent: '⠺⠓⠁⠞ ⠁⠗⠑ ⠽⠕⠥⠗ ⠏⠇⠁⠝⠎'?,⠺⠓⠁⠞ ⠁⠗⠑ ⠽⠕⠥⠗ ⠏⠇⠁⠝⠎,WHAT ARE YOUR PLANS,DO YOU UNDERSTAND ME,WHAT ARE YOUR PLANS,WOULD YOU LIKE COFFEE,CAN YOU EXPLAIN THIS,1,279,28
What phrase does this Braille pattern represent: '⠞⠓⠁⠝⠅ ⠽⠕⠥ ⠋⠕⠗ ⠽⠕⠥⠗ ⠉⠕⠝⠎⠊⠙⠑⠗⠁⠞⠊⠕⠝'?,⠞⠓⠁⠝⠅ ⠽⠕⠥ ⠋⠕⠗ ⠽⠕⠥⠗ ⠉⠕⠝⠎⠊⠙⠑⠗⠁⠞⠊⠕⠝,THANK YOU FOR YOUR CONSIDERATION,HAVE A WONDERFUL DAY AHEAD,I WOULD APPRECIATE YOUR HELP,THANK YOU FOR YOUR CONSIDERATION,WHAT DO YOU THINK ABOUT THIS IDEA,1,280,28
What phrase does this Braille pattern represent: '⠺⠓⠑⠗⠑ ⠁⠗⠑ ⠽⠕⠥'?,⠺⠓⠑⠗⠑ ⠁⠗⠑ ⠽⠕⠥,WHERE ARE YOU,SEE YOU LATER,SEE YOU TOMORROW,WHERE ARE YOU,HAVE A NICE DAY,1,281,29
What phrase does this Braille pattern represent: '⠓⠁⠧⠑ ⠁ ⠝⠊⠉⠑ ⠙⠁⠽'?,⠓⠁⠧⠑ ⠁ ⠝⠊⠉⠑ ⠙⠁⠽,HAVE A NICE DAY,HAVE A NICE DAY,THANK YOU,PLEASE AND THANK YOU,GOOD NIGHT,1,282,29
What phrase does this Braille pattern represent: '⠍⠽ ⠝⠁⠍⠑ ⠊⠎'?,⠍⠽ ⠝⠁⠍⠑ ⠊⠎,MY NAME IS,MY NAME IS,WHERE ARE YOU,GOOD MORNING,LETS GO NOW,1,283,29
What phrase does this Braille pattern represent: '⠺⠓⠁⠞ ⠞⠊⠍⠑ ⠊⠎ ⠊⠞'?,⠺⠓⠁⠞ ⠞⠊⠍⠑ ⠊⠎ ⠊⠞,WHAT TIME IS IT,WHAT TIME IS IT,WHERE ARE YOU,SEE YOU LATER,HAVE A NICE DAY,1,284,29
What phrase does this Braille pattern represent: '⠓⠕⠺ ⠁⠗⠑ ⠽⠕⠥'?,⠓⠕⠺ ⠁⠗⠑ ⠽⠕⠥,HOW ARE YOU,HOW ARE YOU,LETS GO NOW,GOOD MORNING,SEE YOU TOMORROW,1,285,29
What phrase does this Braille pattern represent: '⠉⠁⠝ ⠽⠕⠥ ⠓⠑⠇⠏'?,⠉⠁⠝ ⠽⠕⠥ ⠓⠑⠇⠏,CAN YOU HELP,GOOD MORNING,LETS GO NOW,SEE YOU TOMORROW,CAN YOU HELP,1,286,29
What phrase does this Braille pattern represent: '⠺⠓⠁⠞ ⠞⠊⠍⠑ ⠊⠎ ⠊⠞'?,⠺⠓⠁⠞ ⠞⠊⠍⠑ ⠊⠎ ⠊⠞,WHAT TIME IS IT,WHAT TIME IS IT,NICE TO MEET YOU,LETS GO NOW,SEE YOU TOMORROW,1,287,29
What phrase does this Braille pattern represent: '⠓⠕⠺ ⠉⠁⠝ ⠊ ⠓⠑⠇⠏ ⠽⠕⠥'?,⠓⠕⠺ ⠉⠁⠝ ⠊ ⠓⠑⠇⠏ ⠽⠕⠥,HOW CAN I HELP YOU,DO YOU UNDERSTAND ME,TELL ME MORE ABOUT IT,LET ME THINK ABOUT IT,HOW CAN I HELP YOU,1,288,29
What phrase does this Braille pattern represent: '⠺⠕⠥⠇⠙ ⠽⠕⠥ ⠇⠊⠅⠑ ⠉⠕⠋⠋⠑⠑'?,⠺⠕⠥⠇⠙ ⠽⠕⠥ ⠇⠊⠅⠑ ⠉⠕⠋⠋⠑⠑,WOULD YOU LIKE COFFEE,WHAT ARE YOUR PLANS,LET ME THINK ABOUT IT,WHERE SHOULD WE MEET,WOULD YOU LIKE COFFEE,1,289,29
What phrase does this Braille pattern represent: '⠇⠑⠞ ⠍⠑ ⠅⠝⠕⠺ ⠺⠓⠑⠝ ⠽⠕⠥ ⠁⠗⠑ ⠗⠑⠁⠙⠽'?,⠇⠑⠞ ⠍⠑ ⠅⠝⠕⠺ ⠺⠓⠑⠝ ⠽⠕⠥ ⠁⠗⠑ ⠗⠑⠁⠙⠽,LET ME KNOW WHEN YOU ARE READY,LET ME KNOW WHEN YOU ARE READY,WOULD YOU MIND HELPING ME WITH THIS,WHAT DO YOU THINK ABOUT THIS IDEA,IT WAS A PLEASURE MEETING YOU,1,290,29
What phrase does this Braille pattern represent: '⠓⠁⠧⠑ ⠁ ⠝⠊⠉⠑ ⠙⠁⠽'?,⠓⠁⠧⠑ ⠁ ⠝⠊⠉⠑ ⠙⠁⠽,HAVE A NICE DAY,NICE TO MEET YOU,HAVE A NICE DAY,HOW ARE YOU,CAN YOU HELP,1,291,30
What phrase does this Braille pattern represent: '⠉⠁⠝ ⠽⠕⠥ ⠓⠑⠇⠏'?,⠉⠁⠝ ⠽⠕⠥ ⠓⠑⠇⠏,CAN YOU HELP,WHAT TIME IS IT,SEE YOU LATER,LETS GO NOW,CAN YOU HELP,1,292,30
What phrase does this Braille pattern represent: '⠎⠑⠑ ⠽⠕⠥ ⠞⠕⠍⠕⠗⠗⠕⠺'?,⠎⠑⠑ ⠽⠕⠥ ⠞⠕⠍⠕⠗⠗⠕⠺,SEE YOU TOMORROW,WHERE ARE YOU,SEE YOU TOMORROW,MY NAME IS,SEE YOU LATER,1,293,30
What phrase does this Braille pattern represent: '⠓⠕⠺ ⠁⠗⠑ ⠽⠕⠥'?,⠓⠕⠺ ⠁⠗⠑ ⠽⠕⠥,HOW ARE YOU,SEE YOU LATER,I LIKE IT,HOW ARE YOU,LETS GO NOW,1,294,30
What phrase does this Braille pattern represent: '⠛⠕⠕⠙ ⠝⠊⠛⠓⠞'?,⠛⠕⠕⠙ ⠝⠊⠛⠓⠞,GOOD NIGHT,THANK YOU,HOW ARE YOU,PLEASE AND THANK YOU,GOOD NIGHT,1,295,30
What phrase does this Braille pattern represent: '⠓⠁⠧⠑ ⠁ ⠝⠊⠉⠑ ⠙⠁⠽'?,⠓⠁⠧⠑ ⠁ ⠝⠊⠉⠑ ⠙⠁⠽,HAVE A NICE DAY,THANK YOU,HAVE A NICE DAY,SEE YOU TOMORROW,LETS GO NOW,1,296,30
What phrase does this Braille pattern represent: '⠎⠑⠑ ⠽⠕⠥ ⠇⠁⠞⠑⠗'?,⠎⠑⠑ ⠽⠕⠥ ⠇⠁⠞⠑⠗,SEE YOU LATER,I LIKE IT,GOOD MORNING,HAVE A NICE DAY,SEE YOU LATER,1,297,30
What phrase does this Braille pattern represent: '⠺⠓⠁⠞ ⠙⠕ ⠽⠕⠥ ⠞⠓⠊⠝⠅'?,⠺⠓⠁⠞ ⠙⠕ ⠽⠕⠥ ⠞⠓⠊⠝⠅,WHAT DO YOU THINK,HOW WAS YOUR DAY,THANKS FOR YOUR HELP,TELL ME MORE ABOUT IT,WHAT DO YOU THINK,1,298,30
What phrase does this Braille pattern represent: '⠺⠓⠁⠞ ⠁⠗⠑ ⠽⠕⠥⠗ ⠏⠇⠁⠝⠎'?,⠺⠓⠁⠞ ⠁⠗⠑ ⠽⠕⠥⠗ ⠏⠇⠁⠝⠎,WHAT ARE YOUR PLANS,WHAT DO YOU THINK,LET ME THINK ABOUT IT,WHAT ARE YOUR PLANS,HOW WAS YOUR DAY,1,299,30
What phrase does this Braille pattern represent: '⠉⠕⠥⠇⠙ ⠽⠕⠥ ⠏⠇⠑⠁⠎⠑ ⠑⠭⠏⠇⠁⠊⠝ ⠞⠓⠁⠞ ⠁⠛⠁⠊⠝'?,⠉⠕⠥⠇⠙ ⠽⠕⠥ ⠏⠇⠑⠁⠎⠑ ⠑⠭⠏⠇⠁⠊⠝ ⠞⠓⠁⠞ ⠁⠛⠁⠊⠝,COULD YOU PLEASE EXPLAIN THAT AGAIN,HAVE A WONDERFUL DAY AHEAD,WHAT DO YOU THINK ABOUT THIS IDEA,I WOULD APPRECIATE YOUR HELP,COULD YOU PLEASE EXPLAIN THAT AGAIN,1,300,30
